sample_num,jsd_denoised
40960,"(array([[[1.01248726e-04, 1.01541751e-04, 1.02050544e-04, ...,
         6.76382260e-05, 6.63378087e-05, 6.56111733e-05],
        [1.01532431e-04, 1.01749232e-04, 1.02205209e-04, ...,
         6.95487252e-05, 6.82709651e-05, 6.77956559e-05],
        [1.01760561e-04, 1.02037178e-04, 1.02431026e-04, ...,
         7.26331127e-05, 7.14680427e-05, 7.10353415e-05],
        ...,
        [7.16022332e-05, 7.29802196e-05, 7.52020424e-05, ...,
         7.41405529e-05, 7.07171494e-05, 6.80528246e-05],
        [6.98646545e-05, 7.14708367e-05, 7.38148156e-05, ...,
         7.15116112e-05, 6.78187571e-05, 6.51157679e-05],
        [7.02003817e-05, 7.13406844e-05, 7.34341884e-05, ...,
         6.89735316e-05, 6.51808296e-05, 6.27879563e-05]],

       [[1.01619466e-04, 1.01839527e-04, 1.02227037e-04, ...,
         6.80423400e-05, 6.70586960e-05, 6.66482229e-05],
        [1.01790145e-04, 1.02005040e-04, 1.02362719e-04, ...,
         6.98326985e-05, 6.88222790e-05, 6.85618215e-05],
        [1.02032282e-04, 1.02267775e-04, 1.02568512e-04, ...,
         7.29805179e-05, 7.20818352e-05, 7.18588344e-05],
        ...,
        [7.23603225e-05, 7.37024093e-05, 7.59118775e-05, ...,
         7.42395496e-05, 7.08274529e-05, 6.82587779e-05],
        [7.07778090e-05, 7.23198973e-05, 7.46721926e-05, ...,
         7.16401773e-05, 6.80654921e-05, 6.55003241e-05],
        [7.09476881e-05, 7.21609613e-05, 7.43940691e-05, ...,
         6.91076493e-05, 6.53995157e-05, 6.30077848e-05]],

       [[1.01923586e-04, 1.02160244e-04, 1.02457561e-04, ...,
         6.84612023e-05, 6.78406213e-05, 6.77017088e-05],
        [1.02051512e-04, 1.02282676e-04, 1.02570426e-04, ...,
         7.01707322e-05, 6.94800183e-05, 6.94321789e-05],
        [1.02271071e-04, 1.02497877e-04, 1.02734535e-04, ...,
         7.33827765e-05, 7.27827210e-05, 7.27781880e-05],
        ...,
        [7.32770204e-05, 7.46900841e-05, 7.69836697e-05, ...,
         7.47302183e-05, 7.15079150e-05, 6.89573499e-05],
        [7.19348755e-05, 7.35194335e-05, 7.59759932e-05, ...,
         7.22817349e-05, 6.89950393e-05, 6.64848485e-05],
        [7.20721073e-05, 7.33661436e-05, 7.58799870e-05, ...,
         6.99397497e-05, 6.66334599e-05, 6.42590385e-05]],

       ...,

       [[6.87951469e-05, 7.03715996e-05, 7.36581060e-05, ...,
         8.10136116e-05, 7.91371640e-05, 7.74462533e-05],
        [6.94892005e-05, 7.10409731e-05, 7.45432044e-05, ...,
         8.07697652e-05, 7.89967380e-05, 7.74537039e-05],
        [7.03445185e-05, 7.20665630e-05, 7.56454319e-05, ...,
         8.07588149e-05, 7.91307393e-05, 7.77930400e-05],
        ...,
        [6.87161810e-05, 6.91459500e-05, 7.00812088e-05, ...,
         7.09737724e-05, 7.14271591e-05, 7.16604627e-05],
        [6.56098491e-05, 6.63077444e-05, 6.73696486e-05, ...,
         7.17385337e-05, 7.20705866e-05, 7.22078257e-05],
        [6.27887493e-05, 6.38606507e-05, 6.50981528e-05, ...,
         7.22934710e-05, 7.25813370e-05, 7.26873986e-05]],

       [[6.79503355e-05, 6.95653507e-05, 7.29743770e-05, ...,
         7.82658244e-05, 7.64153083e-05, 7.49033134e-05],
        [6.86810381e-05, 7.02280522e-05, 7.37450609e-05, ...,
         7.80345435e-05, 7.63724383e-05, 7.50250038e-05],
        [6.95332346e-05, 7.12117762e-05, 7.47888116e-05, ...,
         7.80797054e-05, 7.66152298e-05, 7.54583743e-05],
        ...,
        [6.78245342e-05, 6.81998790e-05, 6.90465531e-05, ...,
         7.21681281e-05, 7.24903512e-05, 7.26589060e-05],
        [6.45967521e-05, 6.51892187e-05, 6.61966988e-05, ...,
         7.28298473e-05, 7.30399843e-05, 7.31167020e-05],
        [6.15845784e-05, 6.24800305e-05, 6.36097393e-05, ...,
         7.32818662e-05, 7.34450950e-05, 7.34824789e-05]],

       [[6.70573718e-05, 6.88311920e-05, 7.24372367e-05, ...,
         7.61047559e-05, 7.45728539e-05, 7.28883315e-05],
        [6.80211451e-05, 6.96262505e-05, 7.30741012e-05, ...,
         7.60875773e-05, 7.47778977e-05, 7.32588742e-05],
        [6.90522138e-05, 7.05668062e-05, 7.39728493e-05, ...,
         7.63402059e-05, 7.52999258e-05, 7.40927790e-05],
        ...,
        [6.74551993e-05, 6.78410797e-05, 6.85845953e-05, ...,
         7.30242100e-05, 7.32645640e-05, 7.34310597e-05],
        [6.40375147e-05, 6.45980399e-05, 6.55370022e-05, ...,
         7.35558569e-05, 7.37402734e-05, 7.37968585e-05],
        [6.07478978e-05, 6.16017060e-05, 6.27423651e-05, ...,
         7.39208845e-05, 7.40419855e-05, 7.40618780e-05]]]), np.float64(0.0017938713395038502))"
